company,product,camera,selfie,audio,display,battery,launch price,launch date
Apple,iPhone 14 Pro Max,146,,,,,,
Apple,iPhone 14 Pro,146,145,,,,,
Apple,iPhone 13 Pro,141,134,,,,,
Apple,iPhone 13 Pro Max,141,134,,,,,
Samsung,Galaxy S22 Ultra (Snapdragon),135,,,,,,
Apple,iPhone 12 Pro Max,131,132,,,,,
Samsung,Galaxy S22 Ultra (Exynos),131,135,,,,,
Apple,iPhone 12 Pro,127,132,,,,,
Apple,iPhone 13 mini,125,134,,,,,
Apple,iPhone 13,125,134,,,,,
Samsung,Galaxy Z Fold4,124,,,,,,
Samsung,Galaxy S22 (Exynos),120,,,,,,
Samsung,Galaxy Z Fold3 5G,120,83,,,,,
Apple,iPhone 12,117,132,,,,,
Apple,iPhone 12 mini,117,132,,,,,
Samsung,Galaxy S21 FE 5G (Snapdragon),117,127,,,,,
Samsung,Galaxy S21 Ultra 5G (Snapdragon),117,133,,,,,
Samsung,Galaxy S21 5G (Snapdragon),117,,,,,,
Apple,iPhone 11,116,122,,,,,
Samsung,Galaxy Z Flip4,112,,,,,,
Samsung,Galaxy Z Flip3 5G,111,,,,,,
Samsung,Galaxy S21 5G (Exynos),111,132,,,,,
Samsung,Galaxy S21+ 5G (Exynos),111,,,,,,
Apple,iPhone SE (2022),100,,,,,,
Samsung,Galaxy A72,92,,,,,,
Samsung,Galaxy A52s 5G,88,,,,,,
Samsung,Galaxy A52 5G,88,,,,,,
Samsung,Galaxy A23 5G,70,,,,,,
Samsung,Galaxy A22 5G,,,,,,,
Apple,iPhone 14 Plus,,141,,,,,
Apple,iPhone 14,,141,,,,,
Samsung,Galaxy A13 5G,,,,,,,
Samsung,Galaxy A33 5G,,,,,,,
Samsung,Galaxy A53 5G,,,,,,,
Samsung,Galaxy S22 (Snapdragon),,,,,,,
Samsung,Galaxy S22+ (Exynos),,,,,,,
Samsung,Galaxy A12,,,,,,,
Samsung,Galaxy M51,,,,,,,
Samsung,Galaxy Z Fold2 5G,,,,,,,
Samsung,Galaxy S21 Ultra 5G (Exynos),,135,,,,,
Samsung,Galaxy Note20 (Exynos),,135,,,,,
Samsung,Galaxy Note20 Ultra 5G (Snapdragon),,130,,,,,
Samsung,Galaxy S20 Ultra 5G (Exynos),,,,,,,
Samsung,Galaxy Note 10+ 5G (Exynos),,137,,,,,
Samsung,Galaxy Note 10+ (Exynos),,,,,,,
Samsung,Galaxy S10 5G (Exynos),,,,,,,
Samsung,Galaxy S10+ (Exynos),,,,,,,
Samsung,Galaxy Note20 Ultra 5G (Exynos),,,,,,,
Apple,iPhone SE,,110,,,,,
Samsung,Galaxy S20+,,,,,,,
Samsung,Galaxy Z Flip,,111,,,,,
Samsung,Galaxy A71,,107,,,,,
Samsung,Galaxy S20 Ultra,,,,,,,
Apple,iPhone 11 Pro Max,,107,,,,,
Samsung,Galaxy S10+,,,,,,,
Samsung,Galaxy S8,,94,,,,,
Apple,iPhone X,,89,,,,,
Apple,iPhone XS Max,,105,,,,,
,,,,,,,,
,,,,,,,,
,,,,,,,,
,,,,,,,,
,,,,,,,,
,,,,,,,,
,,,,,,,,
,,,,,,,,
,,,,,,,,
,,,,,,,,
,,,,,,,,
,,,,,,,,
,,,,,,,,
,,,,,,,,
,,,,,,,,
,,,,,,,,
,,,,,,,,
,,,,,,,,
,,,,,,,,
,,,,,,,,
,,,,,,,,
,,,,,,,,
,,,,,,,,
,,,,,,,,
,,,,,,,,
,,,,,,,,
,,,,,,,,
,,,,,,,,
,,,,,,,,
,,,,,,,,
,,,,,,,,
,,,,,,,,
,,,,,,,,
,,,,,,,,
,,,,,,,,
,,,,,,,,
,,,,,,,,
,,,,,,,,
,,,,,,,,
,,,,,,,,
,,,,,,,,
,,,,,,,,
,,,,,,,,
,,,,,,,,
,,,,,,,,
,,,,,,,,
,,,,,,,,
,,,,,,,,
,,,,,,,,
,,,,,,,,
,,,,,,,,
,,,,,,,,
,,,,,,,,
,,,,,,,,
,,,,,,,,
,,,,,,,,
,,,,,,,,
,,,,,,,,
,,,,,,,,
,,,,,,,,
,,,,,,,,
,,,,,,,,
,,,,,,,,
,,,,,,,,
,,,,,,,,
,,,,,,,,
,,,,,,,,
,,,,,,,,
,,,,,,,,
,,,,,,,,
,,,,,,,,
,,,,,,,,
,,,,,,,,
,,,,,,,,
,,,,,,,,
,,,,,,,,
,,,,,,,,
,,,,,,,,
,,,,,,,,
,,,,,,,,
,,,,,,,,
,,,,,,,,
,,,,,,,,
,,,,,,,,
,,,,,,,,
,,,,,,,,
,,,,,,,,
,,,,,,,,
,,,,,,,,
,,,,,,,,
,,,,,,,,
,,,,,,,,
,,,,,,,,
,,,,,,,,
,,,,,,,,
,,,,,,,,
,,,,,,,,
,,,,,,,,
,,,,,,,,
,,,,,,,,
,,,,,,,,
,,,,,,,,
,,,,,,,,
,,,,,,,,
,,,,,,,,
,,,,,,,,
,,,,,,,,
,,,,,,,,
,,,,,,,,
,,,,,,,,
,,,,,,,,
,,,,,,,,
,,,,,,,,
,,,,,,,,
,,,,,,,,
,,,,,,,,
,,,,,,,,
,,,,,,,,
,,,,,,,,
,,,,,,,,
,,,,,,,,
,,,,,,,,
,,,,,,,,
,,,,,,,,
,,,,,,,,
,,,,,,,,
,,,,,,,,
,,,,,,,,
,,,,,,,,
,,,,,,,,
,,,,,,,,
,,,,,,,,
,,,,,,,,
,,,,,,,,
,,,,,,,,
,,,,,,,,
,,,,,,,,
,,,,,,,,
,,,,,,,,
,,,,,,,,
,,,,,,,,
,,,,,,,,
,,,,,,,,
,,,,,,,,
,,,,,,,,
,,,,,,,,
,,,,,,,,
,,,,,,,,
,,,,,,,,
,,,,,,,,
,,,,,,,,
,,,,,,,,
,,,,,,,,
,,,,,,,,
,,,,,,,,
,,,,,,,,
,,,,,,,,
,,,,,,,,
,,,,,,,,
,,,,,,,,
,,,,,,,,
,,,,,,,,
,,,,,,,,
,,,,,,,,
,,,,,,,,
,,,,,,,,
,,,,,,,,
,,,,,,,,
,,,,,,,,
,,,,,,,,
,,,,,,,,
,,,,,,,,
,,,,,,,,
,,,,,,,,
,,,,,,,,
,,,,,,,,
,,,,,,,,
,,,,,,,,
,,,,,,,,
,,,,,,,,
,,,,,,,,
,,,,,,,,
,,,,,,,,
,,,,,,,,
,,,,,,,,
,,,,,,,,
,,,,,,,,
,,,,,,,,
,,,,,,,,
,,,,,,,,
,,,,,,,,
,,,,,,,,
,,,,,,,,
,,,,,,,,
,,,,,,,,
,,,,,,,,
,,,,,,,,
,,,,,,,,
,,,,,,,,
,,,,,,,,
,,,,,,,,
,,,,,,,,
,,,,,,,,
,,,,,,,,
,,,,,,,,
,,,,,,,,
,,,,,,,,
,,,,,,,,
,,,,,,,,
,,,,,,,,
,,,,,,,,
,,,,,,,,
,,,,,,,,
,,,,,,,,
,,,,,,,,
,,,,,,,,
,,,,,,,,
,,,,,,,,
,,,,,,,,
,,,,,,,,
,,,,,,,,
,,,,,,,,
,,,,,,,,
,,,,,,,,
,,,,,,,,
,,,,,,,,
,,,,,,,,
,,,,,,,,
,,,,,,,,
,,,,,,,,
,,,,,,,,
,,,,,,,,
,,,,,,,,
,,,,,,,,
,,,,,,,,
,,,,,,,,
,,,,,,,,
,,,,,,,,
,,,,,,,,
,,,,,,,,
,,,,,,,,
,,,,,,,,
,,,,,,,,
,,,,,,,,
,,,,,,,,
,,,,,,,,
,,,,,,,,
,,,,,,,,
,,,,,,,,
,,,,,,,,
